Model_Num,Table_Name,Column_Name,Query_Type,Range_Min,Range_Max,Result Set Returned,Min_Execution_Time,Max_Execution_Time,Med_Execution_Time,Std_Deviation_Exe_Time,Avg_Execution_Time
Model_RANGE_o_orderkey,order_table,o_orderkey,RANGE,117473.0,1617473.0,375001,2.314936399459839,2.5886716842651367,2.370164155960083,0.09834498904249372,2.4173779487609863
Model_RANGE_o_orderkey,order_table,o_orderkey,RANGE,128494.0,1628494.0,375000,2.3105483055114746,2.412919521331787,2.346238136291504,0.03493321374610471,2.35404109954834
Model_RANGE_o_orderkey,order_table,o_orderkey,RANGE,4673985.0,6173985.0,331504,2.0692806243896484,2.222850799560547,2.1049649715423584,0.057206992151001355,2.1267709255218508
Model_RANGE_o_orderkey,order_table,o_orderkey,RANGE,1979946.0,3479946.0,375000,2.3064048290252686,2.409311056137085,2.334012269973755,0.037167692420186436,2.3400792121887206
Model_RANGE_o_orderkey,order_table,o_orderkey,RANGE,1979946.0,3479946.0,375000,2.3073570728302,2.3888275623321533,2.3407058715820312,0.02828836072004626,2.34770245552063
Model_RANGE_o_orderkey,order_table,o_orderkey,RANGE,3896650.0,5396650.0,375000,2.3468966484069824,2.4782872200012207,2.3611321449279785,0.04842309791776247,2.3840489864349363
Model_RANGE_o_orderkey,order_table,o_orderkey,RANGE,515299.0,2015299.0,375001,2.338374614715576,2.37955904006958,2.35262131690979,0.014050192166920147,2.3563483238220213
Model_RANGE_o_orderkey,order_table,o_orderkey,RANGE,2538258.0,4038258.0,375000,2.291363000869751,2.3830859661102295,2.3447494506835938,0.03529219046685798,2.3343910694122316
Model_RANGE_o_orderkey,order_table,o_orderkey,RANGE,4673985.0,6173985.0,331504,2.054901123046875,2.1634340286254883,2.082990884780884,0.037073314266572496,2.093677806854248
Model_RANGE_o_orderkey,order_table,o_orderkey,RANGE,1979946.0,3479946.0,375000,2.307412624359131,2.369657516479492,2.330740451812744,0.024123843565135687,2.341066837310791
Model_RANGE_o_orderkey,order_table,o_orderkey,RANGE,5335855.0,6835855.0,166033,1.0345039367675781,1.1235182285308838,1.0474493503570557,0.03323057953099435,1.0623109340667725
Model_RANGE_o_orderkey,order_table,o_orderkey,RANGE,383909.0,1883909.0,375001,2.3221499919891357,2.4995455741882324,2.38275408744812,0.06096453806067965,2.394159507751465
Model_RANGE_o_orderkey,order_table,o_orderkey,RANGE,1979946.0,3479946.0,375000,2.316988706588745,2.4271016120910645,2.35648775100708,0.04078912050413675,2.3693114280700684
Model_RANGE_o_orderkey,order_table,o_orderkey,RANGE,4116890.0,5616890.0,375000,2.260756015777588,2.375927209854126,2.2704243659973145,0.04458438230118954,2.297564458847046
Model_RANGE_o_orderkey,order_table,o_orderkey,RANGE,2538258.0,4038258.0,375000,2.274752616882324,2.352398633956909,2.318998098373413,0.027549820729492906,2.3168514251708983
Model_RANGE_o_orderkey,order_table,o_orderkey,RANGE,5651414.0,7151414.0,87145,0.47922706604003906,0.6012322902679443,0.49704885482788086,0.04530433223728321,0.5123085498809814
Model_RANGE_o_orderkey,order_table,o_orderkey,RANGE,3180914.0,4680914.0,375000,2.1880481243133545,2.262638568878174,2.241084575653076,0.026437717293414136,2.229738235473633
Model_RANGE_o_orderkey,order_table,o_orderkey,RANGE,1652610.0,3152610.0,375001,2.2636070251464844,2.307081460952759,2.296642541885376,0.016785248564166494,2.288317918777466
Model_RANGE_o_orderkey,order_table,o_orderkey,RANGE,1979946.0,3479946.0,375000,2.233438730239868,2.3622231483459473,2.2683401107788086,0.04366017799525531,2.2831067562103273
Model_RANGE_o_orderkey,order_table,o_orderkey,RANGE,2538258.0,4038258.0,375000,2.2325472831726074,2.3115622997283936,2.2425782680511475,0.028720838214421424,2.2548107624053957
Model_RANGE_o_orderkey,order_table,o_orderkey,RANGE,3499372.0,4999372.0,375000,2.2647762298583984,2.3381779193878174,2.2872257232666016,0.02850422203643129,2.296103858947754
Model_RANGE_o_orderkey,order_table,o_orderkey,RANGE,73466.0,1573466.0,375000,2.2568349838256836,2.2944767475128174,2.28720760345459,0.014395197856732047,2.2808253288269045
Model_RANGE_o_orderkey,order_table,o_orderkey,RANGE,5297452.0,6797452.0,175633,1.0348694324493408,1.1282498836517334,1.0549952983856201,0.034457187458315996,1.0617667198181153
Model_RANGE_o_orderkey,order_table,o_orderkey,RANGE,4951247.0,6451247.0,262185,1.5362818241119385,1.615842342376709,1.5823805332183838,0.031371215943586495,1.574392557144165
Model_RANGE_o_orderkey,order_table,o_orderkey,RANGE,436415.0,1936415.0,375000,2.2199089527130127,2.310728073120117,2.2783501148223877,0.02957563895213684,2.2700532913208007
Model_RANGE_o_orderkey,order_table,o_orderkey,RANGE,1979946.0,3479946.0,375000,2.257481813430786,2.342064142227173,2.2911720275878906,0.02885536185500456,2.2924726963043214
Model_RANGE_o_orderkey,order_table,o_orderkey,RANGE,5341068.0,6841068.0,164729,0.916823148727417,1.024843692779541,0.9289042949676514,0.03995478806796442,0.945631742477417
Model_RANGE_o_orderkey,order_table,o_orderkey,RANGE,1979946.0,3479946.0,375000,2.134589433670044,2.2202532291412354,2.197895050048828,0.029198517765297305,2.189695453643799
Model_RANGE_o_orderkey,order_table,o_orderkey,RANGE,2538258.0,4038258.0,375000,2.195331335067749,2.2566213607788086,2.2303497791290283,0.023921532322920578,2.2229520320892333
Model_RANGE_o_orderkey,order_table,o_orderkey,RANGE,797214.0,2297214.0,375000,2.2168214321136475,2.2846996784210205,2.2609500885009766,0.024382380887272726,2.2584879398345947
Model_RANGE_o_orderkey,order_table,o_orderkey,RANGE,1732625.0,3232625.0,375000,2.264390707015991,2.339831590652466,2.27824330329895,0.03080774212822213,2.2965242862701416
Model_RANGE_o_orderkey,order_table,o_orderkey,RANGE,4746331.0,6246331.0,313417,1.916750192642212,2.0000767707824707,1.9194972515106201,0.03205093660594282,1.936387825012207
Model_RANGE_o_orderkey,order_table,o_orderkey,RANGE,177629.0,1677629.0,375000,2.2415902614593506,2.304779529571533,2.2441084384918213,0.023955542461431327,2.2595946311950685
Model_RANGE_o_orderkey,order_table,o_orderkey,RANGE,1979946.0,3479946.0,375000,2.2652392387390137,2.3283259868621826,2.2827162742614746,0.022394414126652353,2.2869436264038088
Model_RANGE_o_orderkey,order_table,o_orderkey,RANGE,3257051.0,4757051.0,375000,2.327162265777588,2.352348804473877,2.343888759613037,0.008188121887100918,2.3420414447784426
Model_RANGE_o_orderkey,order_table,o_orderkey,RANGE,1979946.0,3479946.0,375000,2.231274366378784,2.300123453140259,2.2670397758483887,0.025717056782191862,2.271082544326782
Model_RANGE_o_orderkey,order_table,o_orderkey,RANGE,1457567.0,2957567.0,375000,2.2050280570983887,2.2714974880218506,2.217517852783203,0.02516789079283178,2.2285884380340577
Model_RANGE_o_orderkey,order_table,o_orderkey,RANGE,1979946.0,3479946.0,375000,2.208897352218628,2.2911949157714844,2.236178159713745,0.02679157000508305,2.2435606956481933
Model_RANGE_o_orderkey,order_table,o_orderkey,RANGE,4969846.0,6469846.0,257537,1.4936552047729492,1.5374658107757568,1.5017774105072021,0.01520870176222276,1.5086603164672852
Model_RANGE_o_orderkey,order_table,o_orderkey,RANGE,1979946.0,3479946.0,375000,2.1678428649902344,2.2054402828216553,2.1838934421539307,0.012125907170441813,2.1861457347869875
Model_RANGE_o_orderkey,order_table,o_orderkey,RANGE,3217912.0,4717912.0,375000,2.158860445022583,2.2075605392456055,2.1969242095947266,0.01833118380201253,2.1879098415374756
Model_RANGE_o_orderkey,order_table,o_orderkey,RANGE,4610880.0,6110880.0,347281,1.9917502403259277,2.029292345046997,2.002139091491699,0.01349483558516223,2.004188871383667
Model_RANGE_o_orderkey,order_table,o_orderkey,RANGE,1979946.0,3479946.0,375000,2.1737351417541504,2.297731399536133,2.2329211235046387,0.03928461060886156,2.2343650817871095
Model_RANGE_o_orderkey,order_table,o_orderkey,RANGE,387278.0,1887278.0,375000,2.1623053550720215,2.2931454181671143,2.2575724124908447,0.045622372535450116,2.2415048122406005
Model_RANGE_o_orderkey,order_table,o_orderkey,RANGE,280732.0,1780732.0,375000,2.1443161964416504,2.261237144470215,2.181972026824951,0.04244780911731261,2.187668704986572
Model_RANGE_o_orderkey,order_table,o_orderkey,RANGE,1979946.0,3479946.0,375000,2.1344337463378906,2.2149264812469482,2.188183546066284,0.026787622336189688,2.1806893825531004
Model_RANGE_o_orderkey,order_table,o_orderkey,RANGE,280732.0,1780732.0,375000,2.107701063156128,2.1695327758789062,2.153503179550171,0.025880496533101437,2.14042649269104
Model_RANGE_o_orderkey,order_table,o_orderkey,RANGE,2034006.0,3534006.0,375000,2.098642587661743,2.1695899963378906,2.1501734256744385,0.024376087922488812,2.144103670120239
Model_RANGE_o_orderkey,order_table,o_orderkey,RANGE,1729728.0,3229728.0,375001,2.161116123199463,2.3585333824157715,2.2002336978912354,0.06983812613603257,2.234976053237915
Model_RANGE_o_orderkey,order_table,o_orderkey,RANGE,1951675.0,3451675.0,375000,2.159388542175293,2.2390284538269043,2.1976444721221924,0.027625159581854106,2.1967291831970215
Model_RANGE_l_orderkey,lineitem_table,l_orderkey,RANGE,3353151.0,4853151.0,1500760,19.437974452972412,20.723272800445557,19.611314296722412,0.4729157600372836,19.808700132369996
Model_RANGE_l_orderkey,lineitem_table,l_orderkey,RANGE,4850737.0,6350737.0,1149707,14.385968923568726,16.15469241142273,14.686404943466187,0.6555233570056972,14.895078563690186
Model_RANGE_l_orderkey,lineitem_table,l_orderkey,RANGE,1191670.0,2691670.0,1499252,19.487438440322876,20.392592906951904,19.795650005340576,0.378888478335574,19.934503936767577
Model_RANGE_l_orderkey,lineitem_table,l_orderkey,RANGE,3353151.0,4853151.0,1500760,18.84177255630493,20.552565813064575,19.48551058769226,0.6022422301974221,19.473536825180055
Model_RANGE_l_orderkey,lineitem_table,l_orderkey,RANGE,5483520.0,6983520.0,517158,6.347341060638428,7.021652460098267,6.439154624938965,0.2459851290048496,6.534450101852417
Model_RANGE_l_orderkey,lineitem_table,l_orderkey,RANGE,3510335.0,5010335.0,1500434,18.65973162651062,19.110406160354614,18.873743057250977,0.15387036155241324,18.857377433776854
Model_RANGE_l_orderkey,lineitem_table,l_orderkey,RANGE,617141.0,2117141.0,1499986,19.374517679214478,19.79146933555603,19.560670375823975,0.1685665910638626,19.595018196105958
Model_RANGE_l_orderkey,lineitem_table,l_orderkey,RANGE,71425.0,1571425.0,1499549,18.903876543045044,19.268022298812866,19.066705226898193,0.1272330056622951,19.0594434261322
Model_RANGE_l_orderkey,lineitem_table,l_orderkey,RANGE,345193.0,1845193.0,1500421,18.53450345993042,19.031105995178223,18.614312887191772,0.18203611090826088,18.69257287979126
Model_RANGE_l_orderkey,lineitem_table,l_orderkey,RANGE,5031261.0,6531261.0,968861,12.07711911201477,12.635672569274902,12.21645736694336,0.21314945293198195,12.322132682800293
Model_RANGE_l_orderkey,lineitem_table,l_orderkey,RANGE,2365600.0,3865600.0,1500830,18.770690202713013,19.308592557907104,19.09421133995056,0.19967754567650117,19.06942982673645
Model_RANGE_l_orderkey,lineitem_table,l_orderkey,RANGE,4047943.0,5547943.0,1499772,18.47257137298584,19.241957664489746,18.87543821334839,0.262422380614635,18.854570627212524
Model_RANGE_l_orderkey,lineitem_table,l_orderkey,RANGE,1552358.0,3052358.0,1500213,18.62785243988037,19.322044134140015,19.12652897834778,0.23809131746175913,19.041294145584107
Model_RANGE_l_orderkey,lineitem_table,l_orderkey,RANGE,4653754.0,6153754.0,1346713,16.941620111465454,17.833134174346924,17.366899013519287,0.2971320446612035,17.34822087287903
Model_RANGE_l_orderkey,lineitem_table,l_orderkey,RANGE,2212395.0,3712395.0,1500782,18.453582525253296,19.612062454223633,19.536569118499756,0.4334422546407727,19.258036375045776
Model_RANGE_l_orderkey,lineitem_table,l_orderkey,RANGE,4779538.0,6279538.0,1220789,15.022588729858398,15.397468328475952,15.149490594863892,0.13649268695683348,15.173851442337035
Model_RANGE_l_orderkey,lineitem_table,l_orderkey,RANGE,2029658.0,3529658.0,1500554,18.40646266937256,18.63934326171875,18.455600023269653,0.08302020182753629,18.482043743133545
Model_RANGE_l_orderkey,lineitem_table,l_orderkey,RANGE,4779538.0,6279538.0,1220789,14.933148384094238,15.243170499801636,15.039996862411499,0.11148940082331957,15.074104070663452
Model_RANGE_l_orderkey,lineitem_table,l_orderkey,RANGE,2529069.0,4029069.0,1500382,18.197062015533447,19.503541707992554,18.423426151275635,0.4670305195325218,18.591395235061647
Model_RANGE_l_orderkey,lineitem_table,l_orderkey,RANGE,2623187.0,4123187.0,1501079,19.02507972717285,19.660725831985474,19.061668872833252,0.23907005762419703,19.18763699531555
Model_RANGE_l_orderkey,lineitem_table,l_orderkey,RANGE,4779880.0,6279880.0,1220454,15.11390471458435,15.783457040786743,15.363924503326416,0.22893729907352112,15.380406999588013
Model_RANGE_l_orderkey,lineitem_table,l_orderkey,RANGE,1686421.0,3186421.0,1499816,18.67274498939514,19.45130157470703,18.9239604473114,0.28866809461738957,19.029654693603515
Model_RANGE_l_orderkey,lineitem_table,l_orderkey,RANGE,3353151.0,4853151.0,1500760,18.915473699569702,19.55773425102234,19.294533491134644,0.24077501308508584,19.233191442489623
Model_RANGE_l_orderkey,lineitem_table,l_orderkey,RANGE,2183602.0,3683602.0,1500819,18.397806882858276,19.402867317199707,19.0124933719635,0.3340467261858451,18.916194486618043
Model_RANGE_l_orderkey,lineitem_table,l_orderkey,RANGE,617141.0,2117141.0,1499986,19.62558937072754,20.7195405960083,19.908201456069946,0.3829644044724155,20.01527934074402
Model_RANGE_l_orderkey,lineitem_table,l_orderkey,RANGE,3353151.0,4853151.0,1500760,18.436557054519653,19.76793122291565,18.590614318847656,0.5188153691397283,18.883371686935426
Model_RANGE_l_orderkey,lineitem_table,l_orderkey,RANGE,3353151.0,4853151.0,1500760,18.51888418197632,18.875316381454468,18.624732971191406,0.13156257887898404,18.652735328674318
Model_RANGE_l_orderkey,lineitem_table,l_orderkey,RANGE,1891338.0,3391338.0,1499907,18.42246675491333,19.122138738632202,18.51276159286499,0.2631257123360709,18.66133599281311
Model_RANGE_l_orderkey,lineitem_table,l_orderkey,RANGE,4881675.0,6381675.0,1118425,13.71454668045044,14.419425964355469,13.810228109359741,0.2594717689553397,13.920633029937743
Model_RANGE_l_orderkey,lineitem_table,l_orderkey,RANGE,3353151.0,4853151.0,1500760,18.795742511749268,19.142329692840576,18.93854331970215,0.12797823749929976,18.93240966796875
Model_RANGE_l_orderkey,lineitem_table,l_orderkey,RANGE,3368906.0,4868906.0,1500782,18.31191873550415,18.8972430229187,18.68891668319702,0.21017248860038742,18.680608415603636
Model_RANGE_l_orderkey,lineitem_table,l_orderkey,RANGE,1995235.0,3495235.0,1500034,18.413830280303955,19.522680282592773,18.752184867858887,0.40828690432227704,18.80822672843933
Model_RANGE_l_orderkey,lineitem_table,l_orderkey,RANGE,1464275.0,2964275.0,1499779,18.65523099899292,19.276037216186523,19.0191388130188,0.2272700963725026,19.017033720016478
Model_RANGE_l_orderkey,lineitem_table,l_orderkey,RANGE,4919568.0,6419568.0,1080495,13.322530031204224,13.749595403671265,13.398853778839111,0.16047473912648952,13.47671103477478
Model_RANGE_l_orderkey,lineitem_table,l_orderkey,RANGE,4137131.0,5637131.0,1499659,18.48422622680664,18.871631860733032,18.522773504257202,0.17736592191266354,18.64432487487793
Model_RANGE_l_orderkey,lineitem_table,l_orderkey,RANGE,3353151.0,4853151.0,1500760,18.552664279937744,19.287110328674316,18.924017429351807,0.23845801561340757,18.93071174621582
Model_RANGE_l_orderkey,lineitem_table,l_orderkey,RANGE,1613747.0,3113747.0,1499784,18.65038514137268,19.05709171295166,18.866990089416504,0.13459226379533615,18.85261540412903
Model_RANGE_l_orderkey,lineitem_table,l_orderkey,RANGE,3179648.0,4679648.0,1501254,18.270056009292603,18.84657907485962,18.49136734008789,0.20309416652286724,18.551567459106444
Model_RANGE_l_orderkey,lineitem_table,l_orderkey,RANGE,2660133.0,4160133.0,1501226,18.29227066040039,18.870548963546753,18.632906436920166,0.20488671451262824,18.56510305404663
Model_RANGE_l_orderkey,lineitem_table,l_orderkey,RANGE,4737638.0,6237638.0,1262390,15.451476812362671,16.159775972366333,15.860543489456177,0.23040401381871825,15.84203062057495
Model_RANGE_l_orderkey,lineitem_table,l_orderkey,RANGE,3353151.0,4853151.0,1500760,18.33143711090088,19.500374794006348,19.231170415878296,0.4979027066192164,18.953983783721924
Model_RANGE_l_orderkey,lineitem_table,l_orderkey,RANGE,3353151.0,4853151.0,1500760,18.14781904220581,19.044525861740112,18.701785802841187,0.31976419493548974,18.609188985824584
Model_RANGE_l_orderkey,lineitem_table,l_orderkey,RANGE,4825400.0,6325400.0,1175077,14.357694864273071,14.915089130401611,14.59695053100586,0.2332308019690861,14.614200592041016
Model_RANGE_l_orderkey,lineitem_table,l_orderkey,RANGE,5574646.0,7074646.0,426163,4.997117757797241,5.5239174365997314,5.220855474472046,0.18077375148696043,5.257198810577393
Model_RANGE_l_orderkey,lineitem_table,l_orderkey,RANGE,4779880.0,6279880.0,1220454,14.94815969467163,15.39434003829956,15.295050144195557,0.15276404397383825,15.235108852386475
Model_RANGE_l_orderkey,lineitem_table,l_orderkey,RANGE,2440412.0,3940412.0,1500653,18.79221224784851,19.14556860923767,18.881675958633423,0.12330733675824225,18.915508842468263
Model_RANGE_l_orderkey,lineitem_table,l_orderkey,RANGE,3874785.0,5374785.0,1499960,18.033066511154175,18.845682621002197,18.346189737319946,0.2823738057269114,18.389189863204955
Model_RANGE_l_orderkey,lineitem_table,l_orderkey,RANGE,617141.0,2117141.0,1499986,18.29600477218628,18.777732610702515,18.444766759872437,0.16257574530729815,18.471432399749755
Model_RANGE_l_orderkey,lineitem_table,l_orderkey,RANGE,3410968.0,4910968.0,1500741,18.32178282737732,18.887802600860596,18.599644660949707,0.21751516408945157,18.570600032806396
Model_RANGE_l_orderkey,lineitem_table,l_orderkey,RANGE,3463345.0,4963345.0,1501006,18.109703302383423,18.521732330322266,18.451441049575806,0.14973146894611822,18.39096555709839
Model_RANGE_l_extendedprice,lineitem_table,l_extendedprice,RANGE,94368.0,120381.0,31468,5.392160177230835,6.401780366897583,5.4191575050354,0.3964353330497717,5.609786796569824
Model_RANGE_l_extendedprice,lineitem_table,l_extendedprice,RANGE,82214.0,108227.0,228190,7.299408912658691,8.033101797103882,7.652089357376099,0.2734511571133587,7.679872322082519
Model_RANGE_l_extendedprice,lineitem_table,l_extendedprice,RANGE,17307.0,43320.0,2169692,31.02583932876587,32.6498076915741,31.270678758621216,0.60495968334691,31.466920042037962
Model_RANGE_l_extendedprice,lineitem_table,l_extendedprice,RANGE,41235.0,67248.0,1853027,27.299444675445557,27.763152599334717,27.479746341705322,0.17111074081835836,27.51285524368286
Model_RANGE_l_extendedprice,lineitem_table,l_extendedprice,RANGE,82352.0,108365.0,224995,7.445900201797485,8.58200979232788,7.727149248123169,0.3859961856180566,7.849206924438477
Model_RANGE_l_extendedprice,lineitem_table,l_extendedprice,RANGE,41235.0,67248.0,1853027,26.60405397415161,28.520909547805786,28.417855262756348,0.7314334013591435,28.06043095588684
Model_RANGE_l_extendedprice,lineitem_table,l_extendedprice,RANGE,2883.0,28896.0,2173479,31.832590103149414,33.10439133644104,32.23163962364197,0.4538247544636164,32.409119272232054
Model_RANGE_l_extendedprice,lineitem_table,l_extendedprice,RANGE,17307.0,43320.0,2169692,31.271313905715942,31.803275108337402,31.590854167938232,0.1809112392003709,31.550060272216797
Model_RANGE_l_extendedprice,lineitem_table,l_extendedprice,RANGE,19335.0,45348.0,2169760,31.751198053359985,32.02245736122131,31.87223482131958,0.09009070735864667,31.883458137512207
Model_RANGE_l_extendedprice,lineitem_table,l_extendedprice,RANGE,88365.0,114378.0,103609,5.932400941848755,7.194124221801758,6.222275495529175,0.43292776334257954,6.36849422454834
Model_RANGE_l_extendedprice,lineitem_table,l_extendedprice,RANGE,41235.0,67248.0,1853027,26.853689432144165,29.194440126419067,28.00145411491394,0.7476898695608402,28.037664222717286
Model_RANGE_l_extendedprice,lineitem_table,l_extendedprice,RANGE,80938.0,106951.0,260642,8.116615295410156,9.219321966171265,8.357039451599121,0.3961355499991361,8.471035766601563
Model_RANGE_l_extendedprice,lineitem_table,l_extendedprice,RANGE,27632.0,53645.0,2147015,30.23132610321045,32.36584758758545,31.71221613883972,0.7023287275352796,31.484643173217773
Model_RANGE_l_extendedprice,lineitem_table,l_extendedprice,RANGE,78166.0,104179.0,340399,8.97527027130127,10.315711736679077,9.17090106010437,0.4870014831470138,9.3557843208313
Model_RANGE_l_extendedprice,lineitem_table,l_extendedprice,RANGE,15393.0,41406.0,2168991,30.475756645202637,31.821104764938354,31.441707134246826,0.4786586398666938,31.344525623321534
Model_RANGE_l_extendedprice,lineitem_table,l_extendedprice,RANGE,19332.0,45345.0,2169766,31.116916179656982,32.10959243774414,31.75525426864624,0.35306398502063424,31.62489981651306
Model_RANGE_l_extendedprice,lineitem_table,l_extendedprice,RANGE,78166.0,104179.0,340399,9.102784872055054,9.868837833404541,9.228480339050293,0.27596260483135776,9.33091435432434
Model_RANGE_l_extendedprice,lineitem_table,l_extendedprice,RANGE,96694.0,122707.0,16031,5.141315460205078,5.359498739242554,5.230437278747559,0.09222482396454551,5.246317529678345
Model_RANGE_l_extendedprice,lineitem_table,l_extendedprice,RANGE,78166.0,104179.0,340399,8.785552978515625,9.507769584655762,9.019901514053345,0.2955805415680474,9.125967407226563
Model_RANGE_l_extendedprice,lineitem_table,l_extendedprice,RANGE,22693.0,48706.0,2168250,31.094218254089355,32.66405749320984,32.11458873748779,0.5167794833285967,31.96871304512024
Model_RANGE_l_extendedprice,lineitem_table,l_extendedprice,RANGE,78166.0,104179.0,340399,8.941361427307129,10.083554029464722,9.582090616226196,0.43201985088762546,9.465249586105347
Model_RANGE_l_extendedprice,lineitem_table,l_extendedprice,RANGE,78166.0,104179.0,340399,9.086787462234497,9.91779088973999,9.70438551902771,0.3077036123605276,9.55022234916687
Model_RANGE_l_extendedprice,lineitem_table,l_extendedprice,RANGE,74000.0,100013.0,477770,10.771767854690552,11.620671510696411,11.312893390655518,0.3167924985130961,11.225215244293214
Model_RANGE_l_extendedprice,lineitem_table,l_extendedprice,RANGE,79427.0,105440.0,302347,8.523720264434814,9.53904938697815,9.12085223197937,0.38321718892175405,8.998947763442994
Model_RANGE_l_extendedprice,lineitem_table,l_extendedprice,RANGE,78166.0,104179.0,340399,8.890215635299683,9.609087944030762,9.08924388885498,0.274286532481187,9.231329536437988
Model_RANGE_l_extendedprice,lineitem_table,l_extendedprice,RANGE,41235.0,67248.0,1853027,27.91820764541626,28.803332805633545,28.36457061767578,0.30607920595367705,28.31671118736267
Model_RANGE_l_extendedprice,lineitem_table,l_extendedprice,RANGE,31628.0,57641.0,2100480,30.324010610580444,31.628945350646973,30.852092742919922,0.44295723087533095,30.92956986427307
Model_RANGE_l_extendedprice,lineitem_table,l_extendedprice,RANGE,78166.0,104179.0,340399,8.902069807052612,10.657095909118652,9.862540483474731,0.6681804372394538,9.651258373260498
Model_RANGE_l_extendedprice,lineitem_table,l_extendedprice,RANGE,61220.0,87233.0,975771,16.89418339729309,17.90326499938965,17.264342546463013,0.39660775436516793,17.328067541122437
Model_RANGE_l_extendedprice,lineitem_table,l_extendedprice,RANGE,96587.0,122600.0,16595,5.286625385284424,5.846268177032471,5.3814332485198975,0.20216136041477445,5.462497854232788
Model_RANGE_l_extendedprice,lineitem_table,l_extendedprice,RANGE,78166.0,104179.0,340399,8.954821825027466,9.86641550064087,9.094411849975586,0.3990007334693608,9.326801204681397
Model_RANGE_l_extendedprice,lineitem_table,l_extendedprice,RANGE,66891.0,92904.0,743909,14.222384452819824,14.909972667694092,14.618736267089844,0.226722684304131,14.572293043136597
Model_RANGE_l_extendedprice,lineitem_table,l_extendedprice,RANGE,50058.0,76071.0,1484780,23.286141395568848,24.666895151138306,23.793934106826782,0.48812271453225103,23.880132007598878
Model_RANGE_l_extendedprice,lineitem_table,l_extendedprice,RANGE,78166.0,104179.0,340399,8.854044198989868,10.575750350952148,9.430393695831299,0.5975555046974086,9.484536123275756
Model_RANGE_l_extendedprice,lineitem_table,l_extendedprice,RANGE,50943.0,76956.0,1444074,22.615013599395752,24.052965879440308,23.117328643798828,0.5217394925667891,23.115051221847533
Model_RANGE_l_extendedprice,lineitem_table,l_extendedprice,RANGE,26910.0,52923.0,2151872,32.03561282157898,33.72994828224182,33.3033401966095,0.57468736540913,33.133194541931154
Model_RANGE_l_extendedprice,lineitem_table,l_extendedprice,RANGE,78849.0,104862.0,319456,8.59827995300293,9.733073711395264,9.109044313430786,0.41650952356031246,9.104151916503906
Model_RANGE_l_extendedprice,lineitem_table,l_extendedprice,RANGE,55315.0,81328.0,1238554,20.186676263809204,21.151808738708496,20.6563503742218,0.3356101145065377,20.711299180984497
Model_RANGE_l_extendedprice,lineitem_table,l_extendedprice,RANGE,28506.0,54519.0,2138835,30.848998546600342,32.37552285194397,31.4768648147583,0.5529109625278527,31.446481227874756
Model_RANGE_l_extendedprice,lineitem_table,l_extendedprice,RANGE,78166.0,104179.0,340399,8.686265230178833,10.487515449523926,9.549123525619507,0.6060181433013657,9.467238569259644
Model_RANGE_l_extendedprice,lineitem_table,l_extendedprice,RANGE,7193.0,33206.0,2169746,30.798206090927124,32.96601057052612,31.55193305015564,0.7249826696832677,31.710229444503785
Model_RANGE_l_extendedprice,lineitem_table,l_extendedprice,RANGE,79638.0,105651.0,296409,8.252573013305664,9.962936401367188,9.03904414176941,0.6065177726598386,8.952787494659423
Model_RANGE_l_extendedprice,lineitem_table,l_extendedprice,RANGE,78166.0,104179.0,340399,9.010660886764526,9.617679357528687,9.168055057525635,0.24939398531331067,9.292975282669067
Model_RANGE_l_extendedprice,lineitem_table,l_extendedprice,RANGE,22693.0,48706.0,2168250,31.737164974212646,32.398027658462524,32.30982947349548,0.2886886484446796,32.11865634918213
Model_RANGE_l_extendedprice,lineitem_table,l_extendedprice,RANGE,13126.0,39139.0,2169585,30.83144736289978,31.902132034301758,31.689027547836304,0.3929213370845946,31.4824697971344
Model_RANGE_l_extendedprice,lineitem_table,l_extendedprice,RANGE,48196.0,74209.0,1570560,24.05842638015747,25.311944723129272,24.304118871688843,0.4498322654575944,24.51796145439148
Model_RANGE_l_extendedprice,lineitem_table,l_extendedprice,RANGE,95482.0,121495.0,23230,5.047218322753906,6.261394023895264,5.1351752281188965,0.4618986683480477,5.340323257446289
Model_RANGE_l_extendedprice,lineitem_table,l_extendedprice,RANGE,62278.0,88291.0,931316,16.173853874206543,16.911110639572144,16.63994312286377,0.2909233680083134,16.533612489700317
Model_RANGE_l_extendedprice,lineitem_table,l_extendedprice,RANGE,78166.0,104179.0,340399,8.640864133834839,9.873317956924438,9.48081111907959,0.4662460840580581,9.328246641159058
Model_RANGE_l_extendedprice,lineitem_table,l_extendedprice,RANGE,82606.0,108619.0,218770,7.38871955871582,7.7217488288879395,7.505213499069214,0.11844303834448258,7.514869499206543
Model_RANGE_o_totalprice,order_table,o_totalprice,RANGE,495145.71001999994,633753.7100199999,28,1.6574680805206299,2.366037130355835,1.717442274093628,0.26685192812433245,1.845398473739624
Model_RANGE_o_totalprice,order_table,o_totalprice,RANGE,495145.71001999994,633753.7100199999,28,1.6612660884857178,1.6689343452453613,1.6644446849822998,0.002531078157199735,1.6644633769989015
Model_RANGE_o_totalprice,order_table,o_totalprice,RANGE,362818.71002,501426.71002,14585,1.0057978630065918,1.1143312454223633,1.0968255996704102,0.038822475046618135,1.081947422027588
Model_RANGE_o_totalprice,order_table,o_totalprice,RANGE,58092.71002,196700.71002,773476,5.11151647567749,5.443695306777954,5.209508419036865,0.11326263511344192,5.250016546249389
Model_RANGE_o_totalprice,order_table,o_totalprice,RANGE,512911.71001999994,651519.7100199999,7,1.6529264450073242,2.005643367767334,1.697603702545166,0.13282702801960847,1.7427526473999024
Model_RANGE_o_totalprice,order_table,o_totalprice,RANGE,31742.71002,170350.71002,777040,5.180118799209595,6.1647796630859375,5.226357460021973,0.37834947033639943,5.411196899414063
Model_RANGE_o_totalprice,order_table,o_totalprice,RANGE,29231.71002,167839.71002,774623,5.082726716995239,5.191584348678589,5.151198387145996,0.036227213919457206,5.144524383544922
Model_RANGE_o_totalprice,order_table,o_totalprice,RANGE,228470.71002,367078.71002,303292,2.6964540481567383,2.894059658050537,2.7160162925720215,0.07370158671097984,2.7474146842956544
Model_RANGE_o_totalprice,order_table,o_totalprice,RANGE,233827.71002,372435.71002,282246,2.5941669940948486,2.634103775024414,2.6150918006896973,0.012906443186931781,2.6156191349029543
Model_RANGE_o_totalprice,order_table,o_totalprice,RANGE,31742.71002,170350.71002,777040,5.025041580200195,5.349286794662476,5.333341836929321,0.12288899834306605,5.269091558456421
Model_RANGE_o_totalprice,order_table,o_totalprice,RANGE,110159.71002,248767.71002,710239,5.064138650894165,5.138297080993652,5.108479738235474,0.026107680639983522,5.099459314346314
Model_RANGE_o_totalprice,order_table,o_totalprice,RANGE,31742.71002,170350.71002,777040,5.2999982833862305,5.414569616317749,5.3712451457977295,0.040855125277341704,5.356829738616943
Model_RANGE_o_totalprice,order_table,o_totalprice,RANGE,356671.71002,495279.71002,17810,1.0604803562164307,1.3639028072357178,1.1384649276733398,0.10855596321977277,1.1588271141052247
Model_RANGE_o_totalprice,order_table,o_totalprice,RANGE,420472.71002,559080.71002,1487,0.9507699012756348,0.9902830123901367,0.9690585136413574,0.013936411618694484,0.9674747943878174
Model_RANGE_o_totalprice,order_table,o_totalprice,RANGE,242911.71002,381519.71002,247810,2.383357286453247,2.5569281578063965,2.441962957382202,0.06277035292033384,2.4518786907196044
Model_RANGE_o_totalprice,order_table,o_totalprice,RANGE,444255.71002,582863.71002,443,0.9116165637969971,1.063457727432251,0.9705867767333984,0.05509972639385721,0.9663943290710449
Model_RANGE_o_totalprice,order_table,o_totalprice,RANGE,120452.71002,259060.71002,688976,4.505865097045898,5.013374090194702,4.971296310424805,0.18913958498288533,4.880026817321777
Model_RANGE_o_totalprice,order_table,o_totalprice,RANGE,495145.71001999994,633753.7100199999,28,1.691394329071045,2.1004538536071777,1.7138590812683105,0.15829708398662187,1.7846208095550538
Model_RANGE_o_totalprice,order_table,o_totalprice,RANGE,389539.71002,528147.71002,5478,0.9825615882873535,1.0513854026794434,1.0260746479034424,0.023738028716531828,1.0240821361541748
Model_RANGE_o_totalprice,order_table,o_totalprice,RANGE,495145.71001999994,633753.7100199999,28,1.7618257999420166,1.7892553806304932,1.7814083099365234,0.009519765739179313,1.778588104248047
Model_RANGE_o_totalprice,order_table,o_totalprice,RANGE,31742.71002,170350.71002,777040,5.300890922546387,5.725800514221191,5.340398788452148,0.15823186438390113,5.412599086761475
Model_RANGE_o_totalprice,order_table,o_totalprice,RANGE,382859.71002,521467.71002,7108,1.0094735622406006,1.4466300010681152,1.0241413116455078,0.17046621419610017,1.1059601306915283
Model_RANGE_o_totalprice,order_table,o_totalprice,RANGE,457206.71002,595814.71002,236,0.9818422794342041,1.033555269241333,0.9853613376617432,0.019529356505207162,0.9961146831512451
Model_RANGE_o_totalprice,order_table,o_totalprice,RANGE,31742.71002,170350.71002,777040,5.176732301712036,5.462538480758667,5.238629579544067,0.09927145850558489,5.270618057250976
Model_RANGE_o_totalprice,order_table,o_totalprice,RANGE,490122.71001999994,628730.7100199999,38,1.6535658836364746,2.1286914348602295,1.6993074417114258,0.1791000441202085,1.777363920211792
Model_RANGE_o_totalprice,order_table,o_totalprice,RANGE,385895.71002,524503.71002,6337,0.9546618461608887,1.020064353942871,0.9632441997528076,0.024007656124822658,0.9729160308837891
Model_RANGE_o_totalprice,order_table,o_totalprice,RANGE,449431.71002,588039.71002,341,0.9214191436767578,0.9773566722869873,0.9387202262878418,0.0219022736854296,0.9450698375701905
Model_RANGE_o_totalprice,order_table,o_totalprice,RANGE,200199.71002,338807.71002,418846,3.4373412132263184,3.458144187927246,3.4519741535186768,0.00856737689357813,3.4494121074676514
Model_RANGE_o_totalprice,order_table,o_totalprice,RANGE,94083.71001999998,232691.71002,734626,5.543898820877075,5.7164833545684814,5.633498430252075,0.05965536039287481,5.626092767715454
Model_RANGE_o_totalprice,order_table,o_totalprice,RANGE,302122.71002,440730.71002,81270,1.4130067825317383,1.6168262958526611,1.4269523620605469,0.07602049536688889,1.4691158771514892
Model_RANGE_o_totalprice,order_table,o_totalprice,RANGE,451083.71002,589691.71002,314,0.9213995933532715,1.0230708122253418,0.9272849559783936,0.03872454229249111,0.9534757137298584
Model_RANGE_o_totalprice,order_table,o_totalprice,RANGE,31742.71002,170350.71002,777040,4.990811586380005,5.502942800521851,5.319153785705566,0.18713500203438957,5.312465333938599
Model_RANGE_o_totalprice,order_table,o_totalprice,RANGE,154686.71002,293294.71002,592754,4.369046211242676,4.472836971282959,4.419836759567261,0.03300573418872731,4.420465469360352
Model_RANGE_o_totalprice,order_table,o_totalprice,RANGE,382859.71002,521467.71002,7108,1.019005537033081,1.2047760486602783,1.033761978149414,0.07036909586942458,1.064670991897583
Model_RANGE_o_totalprice,order_table,o_totalprice,RANGE,31742.71002,170350.71002,777040,5.154611825942993,5.278215169906616,5.234148263931274,0.04900541961447184,5.221480464935302
Model_RANGE_o_totalprice,order_table,o_totalprice,RANGE,228470.71002,367078.71002,303292,2.7135231494903564,2.985278606414795,2.83968186378479,0.10064209394543072,2.8416697502136232
Model_RANGE_o_totalprice,order_table,o_totalprice,RANGE,492304.71001999994,630912.7100199999,30,1.6568617820739746,1.8202857971191406,1.7000164985656738,0.061554749160758884,1.719868040084839
Model_RANGE_o_totalprice,order_table,o_totalprice,RANGE,31742.71002,170350.71002,777040,5.137141466140747,5.294739484786987,5.217517137527466,0.05387179668866206,5.22688250541687
Model_RANGE_o_totalprice,order_table,o_totalprice,RANGE,77694.71002,216302.71002,754977,5.142786502838135,5.29152774810791,5.1620776653289795,0.05440675123722638,5.187783050537109
Model_RANGE_o_totalprice,order_table,o_totalprice,RANGE,197384.71002,335992.71002,430481,3.426922559738159,3.605769634246826,3.4594645500183105,0.06328521808474571,3.4914854049682615
Model_RANGE_o_totalprice,order_table,o_totalprice,RANGE,70081.71002,208689.71002,762805,5.073384523391724,5.3193933963775635,5.1771862506866455,0.07985268898229839,5.189641761779785
Model_RANGE_o_totalprice,order_table,o_totalprice,RANGE,35496.71002,174104.71002,779491,5.161921739578247,5.272146701812744,5.221155166625977,0.03527983909206982,5.219137239456177
Model_RANGE_o_totalprice,order_table,o_totalprice,RANGE,223413.71002,362021.71002,323332,2.83215069770813,3.126525402069092,2.868605852127075,0.1057853390510939,2.9217174530029295
Model_RANGE_o_totalprice,order_table,o_totalprice,RANGE,322791.71002,461399.71002,48615,1.2291796207427979,1.3095061779022217,1.2699201107025146,0.031165441525120494,1.2699077606201172
Model_RANGE_o_totalprice,order_table,o_totalprice,RANGE,184734.71002,323342.71002,481722,3.6515488624572754,3.8285388946533203,3.7763073444366455,0.06306628689680782,3.7618388652801515
Model_RANGE_o_totalprice,order_table,o_totalprice,RANGE,248724.71002,387332.71002,226822,2.2592687606811523,2.380434274673462,2.3237712383270264,0.05095416304965922,2.3222294807434083
Model_RANGE_o_totalprice,order_table,o_totalprice,RANGE,31742.71002,170350.71002,777040,5.053061246871948,5.4463746547698975,5.2082719802856445,0.12676127024632508,5.223496913909912
Model_RANGE_o_totalprice,order_table,o_totalprice,RANGE,328911.71002,467519.71002,41236,1.167017936706543,1.4800424575805664,1.1942112445831299,0.11776247878918787,1.2469674587249755
Model_RANGE_o_totalprice,order_table,o_totalprice,RANGE,196744.71002,335352.71002,433109,3.4244918823242188,3.8352229595184326,3.4880852699279785,0.15141566295061493,3.5373010635375977
Model_RANGE_o_totalprice,order_table,o_totalprice,RANGE,30289.71002,168897.71002,775594,5.054177761077881,5.4941582679748535,5.267829418182373,0.14447963454748236,5.255514097213745
Model_JOIN_o_orderkey,order_table,o_orderkey,JOIN,117473.0,1617473.0,1499173,29.86121153831482,31.060195446014404,30.666893005371094,0.39734971194185886,30.57497696876526
Model_JOIN_o_orderkey,order_table,o_orderkey,JOIN,128494.0,1628494.0,1499364,30.416266441345215,31.19290542602539,30.72089695930481,0.2527695769318634,30.76882357597351
Model_JOIN_o_orderkey,order_table,o_orderkey,JOIN,4673985.0,6173985.0,1326419,25.353030920028687,27.418490648269653,25.709864616394043,0.7439408349762475,26.032585859298706
Model_JOIN_o_orderkey,order_table,o_orderkey,JOIN,1979946.0,3479946.0,1499749,30.509387731552124,32.0542356967926,30.982423305511475,0.5137779614479249,31.094066190719605
Model_JOIN_o_orderkey,order_table,o_orderkey,JOIN,1979946.0,3479946.0,1499749,30.264470100402832,31.711916208267212,30.755298614501953,0.56390091373644,30.89094395637512
Model_JOIN_o_orderkey,order_table,o_orderkey,JOIN,3896650.0,5396650.0,1499876,28.142261266708374,30.204379081726074,29.465704441070557,0.8366210561289753,29.12587466239929
Model_JOIN_o_orderkey,order_table,o_orderkey,JOIN,515299.0,2015299.0,1499861,31.32713222503662,32.71239972114563,31.658668756484985,0.46951884043300807,31.835407781600953
Model_JOIN_o_orderkey,order_table,o_orderkey,JOIN,2538258.0,4038258.0,1500206,30.222188234329224,31.783820867538452,30.982834100723267,0.5677461556335952,30.9593364238739
Model_JOIN_o_orderkey,order_table,o_orderkey,JOIN,4673985.0,6173985.0,1326419,25.489768028259277,27.02078104019165,25.669790744781494,0.5811960513624314,26.026881885528564
Model_JOIN_o_orderkey,order_table,o_orderkey,JOIN,1979946.0,3479946.0,1499749,31.336318731307983,32.17622113227844,31.704460859298706,0.2870750888422531,31.777489519119264
Model_JOIN_o_orderkey,order_table,o_orderkey,JOIN,5335855.0,6835855.0,664514,12.530855894088745,13.8211829662323,12.724512577056885,0.46543104825990733,12.904040241241455
Model_JOIN_o_orderkey,order_table,o_orderkey,JOIN,383909.0,1883909.0,1500561,30.217785358428955,31.786048889160156,30.710473775863647,0.5182007305384739,30.879829025268556
Model_JOIN_o_orderkey,order_table,o_orderkey,JOIN,1979946.0,3479946.0,1499749,30.606401920318604,32.397538900375366,31.474255084991455,0.6753150559125398,31.374046039581298
Model_JOIN_o_orderkey,order_table,o_orderkey,JOIN,4116890.0,5616890.0,1499707,27.977564573287964,29.159090995788574,28.32923698425293,0.39251490711915193,28.435981845855714
Model_JOIN_o_orderkey,order_table,o_orderkey,JOIN,2538258.0,4038258.0,1500206,30.763856887817383,31.611892700195312,30.993018627166748,0.32978747932093416,31.149085569381715
Model_JOIN_o_orderkey,order_table,o_orderkey,JOIN,5651414.0,7151414.0,349838,6.629351377487183,7.89396071434021,6.701357364654541,0.48228292292938246,6.936737823486328
Model_JOIN_o_orderkey,order_table,o_orderkey,JOIN,3180914.0,4680914.0,1501355,27.917927026748657,29.46213436126709,28.401887893676758,0.5927311514609264,28.68472294807434
Model_JOIN_o_orderkey,order_table,o_orderkey,JOIN,1652610.0,3152610.0,1499381,30.630091428756714,30.76672387123108,30.667603015899658,0.05774334080671042,30.691043090820312
Model_JOIN_o_orderkey,order_table,o_orderkey,JOIN,1979946.0,3479946.0,1499749,30.05594825744629,30.395538091659546,30.326586961746216,0.11930618327986078,30.276882028579713
Model_JOIN_o_orderkey,order_table,o_orderkey,JOIN,2538258.0,4038258.0,1500206,28.061901330947876,29.0726900100708,28.471346616744995,0.3612837044415744,28.44877510070801
Model_JOIN_o_orderkey,order_table,o_orderkey,JOIN,3499372.0,4999372.0,1500615,27.857048511505127,28.55686068534851,28.26397442817688,0.2599635542657545,28.248742961883544
Model_JOIN_o_orderkey,order_table,o_orderkey,JOIN,73466.0,1573466.0,1499522,30.652033805847168,31.06358504295349,30.811016082763672,0.1602103045460922,30.869723987579345
Model_JOIN_o_orderkey,order_table,o_orderkey,JOIN,5297452.0,6797452.0,703297,13.152856349945068,14.986666202545166,13.235256671905518,0.6975614158200295,13.604795503616334
Model_JOIN_o_orderkey,order_table,o_orderkey,JOIN,4951247.0,6451247.0,1048806,19.483400344848633,20.01163601875305,19.81763195991516,0.19696501340579747,19.761796236038208
Model_JOIN_o_orderkey,order_table,o_orderkey,JOIN,436415.0,1936415.0,1500434,30.253344535827637,30.900264501571655,30.62812829017639,0.2070063246791199,30.597197389602663
Model_JOIN_o_orderkey,order_table,o_orderkey,JOIN,1979946.0,3479946.0,1499749,29.96973729133606,31.12360715866089,30.29754877090454,0.45274827808273804,30.474098253250123
Model_JOIN_o_orderkey,order_table,o_orderkey,JOIN,5341068.0,6841068.0,659387,12.039299726486206,12.828139543533325,12.149203300476074,0.2851026076996091,12.280505323410035
Model_JOIN_o_orderkey,order_table,o_orderkey,JOIN,1979946.0,3479946.0,1499749,29.41199278831482,30.253957271575928,29.961512804031372,0.3211569565240408,29.92198238372803
Model_JOIN_o_orderkey,order_table,o_orderkey,JOIN,2538258.0,4038258.0,1500206,27.702016592025757,29.78200101852417,27.931448936462402,0.7696285742411562,28.257104110717773
Model_JOIN_o_orderkey,order_table,o_orderkey,JOIN,797214.0,2297214.0,1499303,29.91184401512146,30.37171983718872,30.232805967330933,0.1516582922792749,30.183187007904053
Model_JOIN_o_orderkey,order_table,o_orderkey,JOIN,1732625.0,3232625.0,1499957,27.679160594940186,28.568089485168457,27.96882152557373,0.33301265006688174,28.01386389732361
Model_JOIN_o_orderkey,order_table,o_orderkey,JOIN,4746331.0,6246331.0,1253580,25.311198472976685,25.99786067008972,25.89279866218567,0.24240944346577215,25.767424488067626
Model_JOIN_o_orderkey,order_table,o_orderkey,JOIN,177629.0,1677629.0,1499352,29.772322416305542,30.679025888442993,30.100292205810547,0.29920658608843875,30.14634552001953
Model_JOIN_o_orderkey,order_table,o_orderkey,JOIN,1979946.0,3479946.0,1499749,27.049638748168945,28.452836990356445,27.435638427734375,0.5019531619271199,27.543208599090576
Model_JOIN_o_orderkey,order_table,o_orderkey,JOIN,3257051.0,4757051.0,1501257,27.872708082199097,29.788034439086914,28.035943269729614,0.7100532977428498,28.392426109313966
Model_JOIN_o_orderkey,order_table,o_orderkey,JOIN,1979946.0,3479946.0,1499749,27.522433519363403,27.747339725494385,27.55960440635681,0.08021061145655053,27.589584589004517
Model_JOIN_o_orderkey,order_table,o_orderkey,JOIN,1457567.0,2957567.0,1499690,27.54197597503662,28.28535556793213,27.736702919006348,0.2608067232222108,27.811846590042116
Model_JOIN_o_orderkey,order_table,o_orderkey,JOIN,1979946.0,3479946.0,1499749,27.41036105155945,28.552172899246216,27.949100971221924,0.3617904648992546,27.97038068771362
Model_JOIN_o_orderkey,order_table,o_orderkey,JOIN,4969846.0,6469846.0,1030223,19.112525701522827,21.375391006469727,19.45536184310913,0.8267631413999333,19.758579587936403
Model_JOIN_o_orderkey,order_table,o_orderkey,JOIN,1979946.0,3479946.0,1499749,27.22024703025818,28.93821620941162,28.483455419540405,0.6081924006042969,28.18478693962097
Model_JOIN_o_orderkey,order_table,o_orderkey,JOIN,3217912.0,4717912.0,1501330,29.347954988479614,30.6266348361969,29.639065742492676,0.46555527669554303,29.873414325714112
Model_JOIN_o_orderkey,order_table,o_orderkey,JOIN,4610880.0,6110880.0,1389694,25.735636949539185,27.670624017715454,25.90193200111389,0.7170412789197846,26.25567364692688
Model_JOIN_o_orderkey,order_table,o_orderkey,JOIN,1979946.0,3479946.0,1499749,27.4875066280365,27.79938530921936,27.692092657089233,0.1211763692889513,27.658140325546263
Model_JOIN_o_orderkey,order_table,o_orderkey,JOIN,387278.0,1887278.0,1500569,30.18572759628296,31.06212830543518,30.752660751342773,0.32902908338585674,30.703624296188355
Model_JOIN_o_orderkey,order_table,o_orderkey,JOIN,280732.0,1780732.0,1499852,29.774483680725098,30.864139318466187,30.679208755493164,0.4085617985801443,30.45376033782959
Model_JOIN_o_orderkey,order_table,o_orderkey,JOIN,1979946.0,3479946.0,1499749,27.446555614471436,27.636855840682983,27.560672760009766,0.07605418515122304,27.546533489227294
Model_JOIN_o_orderkey,order_table,o_orderkey,JOIN,280732.0,1780732.0,1499852,30.234386205673218,30.576029300689697,30.351749897003174,0.11507852666033216,30.36421408653259
Model_JOIN_o_orderkey,order_table,o_orderkey,JOIN,2034006.0,3534006.0,1500454,27.525550842285156,27.966080904006958,27.798112154006958,0.1687025015970363,27.76669454574585
Model_JOIN_o_orderkey,order_table,o_orderkey,JOIN,1729728.0,3229728.0,1499834,27.389691829681396,28.285433769226074,28.115691900253296,0.3289786790829533,28.003875160217284
Model_JOIN_o_orderkey,order_table,o_orderkey,JOIN,1951675.0,3451675.0,1499726,27.64207100868225,27.968281269073486,27.755271911621094,0.12514321606855594,27.78044033050537
Model_JOIN_l_orderkey,lineitem_table,l_orderkey,JOIN,3353151.0,4853151.0,1500760,30.02140188217163,30.730592012405396,30.25502610206604,0.27442521020398414,30.35754790306091
Model_JOIN_l_orderkey,lineitem_table,l_orderkey,JOIN,4850737.0,6350737.0,1149707,23.069674491882324,23.74748921394348,23.26984429359436,0.2394025453469897,23.373749017715454
Model_JOIN_l_orderkey,lineitem_table,l_orderkey,JOIN,1191670.0,2691670.0,1499252,27.166379928588867,28.58249592781067,28.037333726882935,0.49545032950924883,27.899724864959715
Model_JOIN_l_orderkey,lineitem_table,l_orderkey,JOIN,3353151.0,4853151.0,1500760,29.458250761032104,30.427095651626587,30.194843769073486,0.3838008094694413,30.011038637161256
Model_JOIN_l_orderkey,lineitem_table,l_orderkey,JOIN,5483520.0,6983520.0,517158,9.452616691589355,11.16147780418396,9.553596019744873,0.6480446738482708,9.878141736984253
Model_JOIN_l_orderkey,lineitem_table,l_orderkey,JOIN,3510335.0,5010335.0,1500434,29.08819007873535,30.271998405456543,29.53832507133484,0.41481469121811093,29.666080665588378
Model_JOIN_l_orderkey,lineitem_table,l_orderkey,JOIN,617141.0,2117141.0,1499986,27.60740852355957,30.177467346191406,28.12734055519104,0.8911910854215865,28.56514992713928
Model_JOIN_l_orderkey,lineitem_table,l_orderkey,JOIN,71425.0,1571425.0,1499549,27.420684099197388,28.94332718849182,27.893221378326416,0.5149268188813131,27.9748779296875
Model_JOIN_l_orderkey,lineitem_table,l_orderkey,JOIN,345193.0,1845193.0,1500421,28.030876874923706,28.231330156326294,28.11308217048645,0.07620041934307928,28.117150449752806
Model_JOIN_l_orderkey,lineitem_table,l_orderkey,JOIN,5031261.0,6531261.0,968861,17.789979219436646,20.25856304168701,18.4177725315094,0.9031757653321704,18.545147943496705
Model_JOIN_l_orderkey,lineitem_table,l_orderkey,JOIN,2365600.0,3865600.0,1500830,30.119194507598877,30.401288509368896,30.18811845779419,0.11092253940594773,30.252284812927247
Model_JOIN_l_orderkey,lineitem_table,l_orderkey,JOIN,4047943.0,5547943.0,1499772,27.48770570755005,29.045167446136475,27.859912395477295,0.573115679516315,28.06748948097229
Model_JOIN_l_orderkey,lineitem_table,l_orderkey,JOIN,1552358.0,3052358.0,1500213,29.657918214797974,31.24216365814209,30.107881784439087,0.5443280798134501,30.230122900009157
Model_JOIN_l_orderkey,lineitem_table,l_orderkey,JOIN,4653754.0,6153754.0,1346713,25.674628257751465,26.86224055290222,26.1473126411438,0.39498500025067734,26.18995280265808
Model_JOIN_l_orderkey,lineitem_table,l_orderkey,JOIN,2212395.0,3712395.0,1500782,29.981518745422363,31.17652201652527,30.75248384475708,0.40774111920349543,30.671486330032348
Model_JOIN_l_orderkey,lineitem_table,l_orderkey,JOIN,4779538.0,6279538.0,1220789,22.268645524978638,23.174243211746216,23.070910930633545,0.34794577628483514,22.86810851097107
Model_JOIN_l_orderkey,lineitem_table,l_orderkey,JOIN,2029658.0,3529658.0,1500554,29.95643925666809,30.659844636917114,30.325783014297485,0.2569739671581601,30.25961661338806
Model_JOIN_l_orderkey,lineitem_table,l_orderkey,JOIN,4779538.0,6279538.0,1220789,22.334574699401855,22.991549730300903,22.723085641860962,0.2328449819842374,22.701987791061402
Model_JOIN_l_orderkey,lineitem_table,l_orderkey,JOIN,2529069.0,4029069.0,1500382,27.99703621864319,28.82322669029236,28.303773641586304,0.31676746889017104,28.37439374923706
Model_JOIN_l_orderkey,lineitem_table,l_orderkey,JOIN,2623187.0,4123187.0,1501079,27.45427417755127,28.51327395439148,28.337397575378418,0.4086341534625291,28.110448598861694
Model_JOIN_l_orderkey,lineitem_table,l_orderkey,JOIN,4779880.0,6279880.0,1220454,22.31587791442871,23.08929705619812,22.85717463493347,0.26940738374081014,22.79532332420349
Model_JOIN_l_orderkey,lineitem_table,l_orderkey,JOIN,1686421.0,3186421.0,1499816,30.309908151626587,30.88762927055359,30.840919494628906,0.21804579906843524,30.72245478630066
Model_JOIN_l_orderkey,lineitem_table,l_orderkey,JOIN,3353151.0,4853151.0,1500760,27.665018796920776,30.046841621398926,28.146084308624268,0.8751629350533822,28.425465250015257
Model_JOIN_l_orderkey,lineitem_table,l_orderkey,JOIN,2183602.0,3683602.0,1500819,29.633875131607056,30.40634799003601,29.752801418304443,0.3426522511221868,29.98725595474243
Model_JOIN_l_orderkey,lineitem_table,l_orderkey,JOIN,617141.0,2117141.0,1499986,30.03210735321045,30.717109203338623,30.13594126701355,0.282217394879056,30.30521502494812
Model_JOIN_l_orderkey,lineitem_table,l_orderkey,JOIN,3353151.0,4853151.0,1500760,27.42918300628662,27.832720518112183,27.661311864852905,0.1419758602635197,27.648447132110597
Model_JOIN_l_orderkey,lineitem_table,l_orderkey,JOIN,3353151.0,4853151.0,1500760,27.134158849716187,28.10750389099121,27.642707109451294,0.30957243073836926,27.646891403198243
Model_JOIN_l_orderkey,lineitem_table,l_orderkey,JOIN,1891338.0,3391338.0,1499907,29.48752522468567,30.370620727539062,30.10086464881897,0.34501040790918547,29.933288192749025
Model_JOIN_l_orderkey,lineitem_table,l_orderkey,JOIN,4881675.0,6381675.0,1118425,20.96733784675598,23.163411378860474,21.324224948883057,0.7853344697074304,21.620577096939087
Model_JOIN_l_orderkey,lineitem_table,l_orderkey,JOIN,3353151.0,4853151.0,1500760,28.0533127784729,28.137620449066162,28.10655951499939,0.03486296008636572,28.09669508934021
Model_JOIN_l_orderkey,lineitem_table,l_orderkey,JOIN,3368906.0,4868906.0,1500782,27.76655125617981,28.650531768798828,28.401735305786133,0.3457124476105381,28.253010845184328
Model_JOIN_l_orderkey,lineitem_table,l_orderkey,JOIN,1995235.0,3495235.0,1500034,29.968535661697388,31.747630834579468,30.82643723487854,0.5981313998148045,30.93453550338745
Model_JOIN_l_orderkey,lineitem_table,l_orderkey,JOIN,1464275.0,2964275.0,1499779,30.141610383987427,30.820505619049072,30.42694115638733,0.2249976772488439,30.442831087112427
Model_JOIN_l_orderkey,lineitem_table,l_orderkey,JOIN,4919568.0,6419568.0,1080495,20.171504497528076,21.99298095703125,20.665518045425415,0.6610667123454226,20.77747507095337
Model_JOIN_l_orderkey,lineitem_table,l_orderkey,JOIN,4137131.0,5637131.0,1499659,27.759387016296387,28.774795293807983,28.41153883934021,0.34993595710506065,28.358759355545043
Model_JOIN_l_orderkey,lineitem_table,l_orderkey,JOIN,3353151.0,4853151.0,1500760,27.32343626022339,28.690396070480347,28.037535429000854,0.48368149707387353,27.987177419662476
Model_JOIN_l_orderkey,lineitem_table,l_orderkey,JOIN,1613747.0,3113747.0,1499784,29.9949791431427,31.176113605499268,30.625982999801636,0.39225380615763955,30.6346266746521
Model_JOIN_l_orderkey,lineitem_table,l_orderkey,JOIN,3179648.0,4679648.0,1501254,27.237778425216675,28.488285064697266,28.037891626358032,0.4492197854074956,27.896560621261596
Model_JOIN_l_orderkey,lineitem_table,l_orderkey,JOIN,2660133.0,4160133.0,1501226,27.452163219451904,28.494466304779053,27.53553533554077,0.4071361905524775,27.815236473083495
Model_JOIN_l_orderkey,lineitem_table,l_orderkey,JOIN,4737638.0,6237638.0,1262390,24.889095544815063,25.451719045639038,25.073554754257202,0.20187601066782387,25.10187077522278
Model_JOIN_l_orderkey,lineitem_table,l_orderkey,JOIN,3353151.0,4853151.0,1500760,27.554569959640503,28.574488639831543,27.86278247833252,0.3396325236683559,27.943085956573487
Model_JOIN_l_orderkey,lineitem_table,l_orderkey,JOIN,3353151.0,4853151.0,1500760,27.6503643989563,28.20521903038025,27.996291399002075,0.19353212567168665,27.96190414428711
Model_JOIN_l_orderkey,lineitem_table,l_orderkey,JOIN,4825400.0,6325400.0,1175077,23.675706386566162,24.00569748878479,23.68601393699646,0.1499799484721771,23.801994371414185
Model_JOIN_l_orderkey,lineitem_table,l_orderkey,JOIN,5574646.0,7074646.0,426163,7.674075126647949,8.518327713012695,7.7238147258758545,0.31929170779597915,7.890701246261597
Model_JOIN_l_orderkey,lineitem_table,l_orderkey,JOIN,4779880.0,6279880.0,1220454,22.566302061080933,23.199701070785522,23.0835223197937,0.24065058329841682,22.95577883720398
Model_JOIN_l_orderkey,lineitem_table,l_orderkey,JOIN,2440412.0,3940412.0,1500653,30.437339067459106,30.954967737197876,30.6459379196167,0.19378220682599454,30.702205610275268
Model_JOIN_l_orderkey,lineitem_table,l_orderkey,JOIN,3874785.0,5374785.0,1499960,27.685290098190308,28.94274353981018,28.18025016784668,0.4118918104053259,28.234837579727174
Model_JOIN_l_orderkey,lineitem_table,l_orderkey,JOIN,617141.0,2117141.0,1499986,30.059087991714478,31.271806478500366,31.06441044807434,0.48425542853156084,30.802645015716553
Model_JOIN_l_orderkey,lineitem_table,l_orderkey,JOIN,3410968.0,4910968.0,1500741,28.258436918258667,29.014713525772095,28.631083011627197,0.2571281888593112,28.669889974594117
Model_JOIN_l_orderkey,lineitem_table,l_orderkey,JOIN,3463345.0,4963345.0,1501006,28.264411211013794,30.265556573867798,28.749318599700928,0.7000006882844473,28.925399684906004
Model_JOIN_l_extendedprice,lineitem_table,l_extendedprice,JOIN,94368.0,120381.0,31468,6.5468666553497314,9.334832191467285,6.716793537139893,1.0454336854001294,7.265803861618042
Model_JOIN_l_extendedprice,lineitem_table,l_extendedprice,JOIN,82214.0,108227.0,228190,15.231536388397217,16.63014030456543,16.448206186294556,0.5099302942607509,16.239593267440796
Model_JOIN_l_extendedprice,lineitem_table,l_extendedprice,JOIN,17307.0,43320.0,2169692,58.31040954589844,64.39006543159485,58.66709303855896,2.325940121933198,59.76507701873779
Model_JOIN_l_extendedprice,lineitem_table,l_extendedprice,JOIN,41235.0,67248.0,1853027,53.73596525192261,54.943641901016235,53.88783621788025,0.43677381919739405,54.097982215881345
Model_JOIN_l_extendedprice,lineitem_table,l_extendedprice,JOIN,82352.0,108365.0,224995,17.249717712402344,20.579950094223022,18.402588844299316,1.1351250562254145,18.48058557510376
Model_JOIN_l_extendedprice,lineitem_table,l_extendedprice,JOIN,41235.0,67248.0,1853027,52.55319595336914,57.07996416091919,55.702625036239624,1.5880000329830637,55.00003643035889
Model_JOIN_l_extendedprice,lineitem_table,l_extendedprice,JOIN,2883.0,28896.0,2173479,60.83293890953064,62.29233527183533,61.9584903717041,0.5389663766957118,61.77668032646179
Model_JOIN_l_extendedprice,lineitem_table,l_extendedprice,JOIN,17307.0,43320.0,2169692,58.33665060997009,63.34307360649109,61.1900429725647,1.67763666363851,61.21631278991699
Model_JOIN_l_extendedprice,lineitem_table,l_extendedprice,JOIN,19335.0,45348.0,2169760,61.96090364456177,65.5248658657074,63.65787744522095,1.2143068958496743,63.54611201286316
Model_JOIN_l_extendedprice,lineitem_table,l_extendedprice,JOIN,88365.0,114378.0,103609,11.873372793197632,15.495397329330444,13.037427186965942,1.1901642106363517,13.296665048599243
